frequency_hz,thd_percent
20.5078,2.49447
26.3672,2.62774
32.2266,2.64549
41.0156,2.59393
49.8047,2.499
64.4531,2.27922
79.1016,2.03323
99.6094,1.69157
125.977,1.34145
158.203,1.09314
199.219,1.01323
251.953,1.06492
316.406,1.1451
398.438,1.20728
500.977,1.24376
632.812,1.26279
793.945,1.27147
1001.95,1.27542
1259.77,1.27694
1584.96,1.27751
1995.12,1.27772
2513.67,1.2778
3164.06,1.27775
3981.45,1.27804
5012.7,1.27805
6310.55,1.27809
7945.31,1.27817
9999.02,1.27828
