input_dbfs,thd_percent
-36,0.0163865
-34,0.0206612
-32,0.0260646
-30,0.0329106
-28,0.0416155
-26,0.0527451
-24,0.0670933
-22,0.085815
-20,0.110661
-18,0.144379
-16,0.191391
-14,0.258895
-12,0.358559
-10,0.509009
-8,0.739345
-6,1.09386
-4,1.63783
-2,2.4632
0,3.69045
2,5.45935
4,7.89855
6,11.0697
